{
    "folder": "ply_output",
    "filename": "001.ply",
    "path": "D:\\GitHub_repository\\Dataset\\ply_output\\001.ply",
    "objects": [
        {
            "name": "forklift",
            "centroid": {
                "x": -1.4967931852609517,
                "y": 0.35337141358533397,
                "z": -1.8803415298461914
            },
            "dimensions": {
                "length": 2.669686679398612,
                "width": 1.0065339803695679,
                "height": 2.515472624923049
            },
            "rotations": {
                "x": 0,
                "y": 0,
                "z": 0
            }
        },
        {
            "name": "pallet",
            "centroid": {
                "x": -1.6630674874657612,
                "y": -1.027640792685565,
                "z": -1.79044771194458
            },
            "dimensions": {
                "length": 1.524225644177078,
                "width": 0.49106383323669434,
                "height": 0.6588381532165934
            },
            "rotations": {
                "x": 0,
                "y": 0,
                "z": 0
            }
        },
        {
            "name": "forklift",
            "centroid": {
                "x": -2.1066876231732086,
                "y": 0.10945723357001114,
                "z": -2.4632601737976074
            },
            "dimensions": {
                "length": 3.6151833480318625,
                "width": 1.6583409309387207,
                "height": 2.9471103002937324
            },
            "rotations": {
                "x": 0,
                "y": 0,
                "z": 0
            }
        }
    ]
}