{
	"folder": "ply_output",
	"filename": "frame_0059.ply",
	"path": "D:\\GitHub_repository\\Dataset\\ply_output\\frame_0059.ply",
	"objects": [
		{
			"name": "pallet",
			"centroid": {
				"x": -1.07808768,
				"y": -0.18387341,
				"z": -1.4673032
			},
			"dimensions": {
				"length": 1.17935789,
				"width": 0.19701811,
				"height": 0.34700304
			},
			"rotations": {
				"x": 0,
				"y": 327.31911383,
				"z": 359.63551756
			}
		},
		{
			"name": "pallet truck",
			"centroid": {
				"x": -0.32852483,
				"y": 0.27599613,
				"z": -1.30203645
			},
			"dimensions": {
				"length": 0.51786158,
				"width": 1.10471467,
				"height": 0.47999017
			},
			"rotations": {
				"x": 0,
				"y": 336.13444965,
				"z": 1.51027966
			}
		}
	]
}