{
	"folder": "ply_output",
	"filename": "frame_0058.ply",
	"path": "D:\\GitHub_repository\\Dataset\\ply_output\\frame_0058.ply",
	"objects": [
		{
			"name": "pallet",
			"centroid": {
				"x": -0.95301671,
				"y": 0.19930507,
				"z": 1.45600497
			},
			"dimensions": {
				"length": 0.5390607,
				"width": 1.06745462,
				"height": 0.21111135
			},
			"rotations": {
				"x": 0,
				"y": 105.49532611000001,
				"z": 0
			}
		},
		{
			"name": "pallet truck",
			"centroid": {
				"x": -0.26663862,
				"y": -0.31887002,
				"z": 1.36896111
			},
			"dimensions": {
				"length": 0.70717963,
				"width": 0.48056122,
				"height": 1.22609971
			},
			"rotations": {
				"x": 0,
				"y": 98.90350381000002,
				"z": 0
			}
		}
	]
}