{
	"folder": "ply_output",
	"filename": "frame_0034.ply",
	"path": "D:\\GitHub_repository\\Dataset\\ply_output\\frame_0034.ply",
	"objects": [
		{
			"name": "small load carrier",
			"centroid": {
				"x": -0.69640086,
				"y": -0.07861861,
				"z": -3.18166592
			},
			"dimensions": {
				"length": 0.30977233,
				"width": 0.12917259,
				"height": 0.21742655
			},
			"rotations": {
				"x": 0,
				"y": 223.27259975,
				"z": 359.96629767
			}
		},
		{
			"name": "small load carrier",
			"centroid": {
				"x": -0.08756717,
				"y": -0.02819633,
				"z": -3.20675478
			},
			"dimensions": {
				"length": 0.41625296,
				"width": 0.24683659,
				"height": 0.31442342
			},
			"rotations": {
				"x": 0,
				"y": 217.30383511,
				"z": 357.73595203
			}
		}
	]
}