{
	"folder": "ply_output",
	"filename": "frame_0048.ply",
	"path": "D:\\GitHub_repository\\Dataset\\ply_output\\frame_0048.ply",
	"objects": [
		{
			"name": "stillage",
			"centroid": {
				"x": -0.6,
				"y": 0.421,
				"z": 1.429
			},
			"dimensions": {
				"length": 0.17,
				"width": 0.866,
				"height": 0.977
			},
			"rotations": {
				"x": 0,
				"y": 71.489,
				"z": 0
			}
		},
		{
			"name": "stillage",
			"centroid": {
				"x": 0.2824554,
				"y": 0.40934063,
				"z": 1.71097795
			},
			"dimensions": {
				"length": 0.20601639,
				"width": 0.8655614,
				"height": 0.97203816
			},
			"rotations": {
				"x": 0,
				"y": 72.59970514000003,
				"z": 0
			}
		},
		{
			"name": "stillage",
			"centroid": {
				"x": 0.18318554,
				"y": -0.88170832,
				"z": 1.68251476
			},
			"dimensions": {
				"length": 0.21207627,
				"width": 0.85826962,
				"height": 0.37039341
			},
			"rotations": {
				"x": 0,
				"y": 75.83537002000003,
				"z": 0
			}
		}
	]
}