{
	"folder": "ply_output",
	"filename": "frame_0033.ply",
	"path": "D:\\GitHub_repository\\Dataset\\ply_output\\frame_0033.ply",
	"objects": [
		{
			"name": "small load carrier",
			"centroid": {
				"x": -0.11481303,
				"y": 0.0261023,
				"z": 3.22111168
			},
			"dimensions": {
				"length": 0.33045853,
				"width": 0.34293883,
				"height": 0.27803804
			},
			"rotations": {
				"x": 0,
				"y": 166.84662257999997,
				"z": 0
			}
		},
		{
			"name": "small load carrier",
			"centroid": {
				"x": -0.5969792,
				"y": 0.07223586,
				"z": 3.05109875
			},
			"dimensions": {
				"length": 0.24235372,
				"width": 0.10162981,
				"height": 0.16733614
			},
			"rotations": {
				"x": 0,
				"y": 166.5130734,
				"z": 0
			}
		}
	]
}