{
	"folder": "ply_output",
	"filename": "frame_0038.ply",
	"path": "D:\\GitHub_repository\\Dataset\\ply_output\\frame_0038.ply",
	"objects": [
		{
			"name": "small load carrier",
			"centroid": {
				"x": -0.178,
				"y": -0.37,
				"z": 2.047
			},
			"dimensions": {
				"length": 0.456,
				"width": 0.629,
				"height": 0.301
			},
			"rotations": {
				"x": 0,
				"y": 251.359,
				"z": 0
			}
		},
		{
			"name": "small load carrier",
			"centroid": {
				"x": 0.00832443,
				"y": -0.79214678,
				"z": 1.96248432
			},
			"dimensions": {
				"length": 0.31056958,
				"width": 0.09024094,
				"height": 0.32205627
			},
			"rotations": {
				"x": 0,
				"y": 163.85687804999998,
				"z": 0
			}
		},
		{
			"name": "small load carrier",
			"centroid": {
				"x": -0.47955243,
				"y": -0.84755807,
				"z": 1.81535283
			},
			"dimensions": {
				"length": 0.16023564,
				"width": 0.62058796,
				"height": 0.33922052
			},
			"rotations": {
				"x": 0,
				"y": 72.80114937000002,
				"z": 0
			}
		}
	]
}