{
  "left_camera": {
    "fx": 522.8743286132812,
    "fy": 522.8743286132812,
    "cx": 653.4555053710938,
    "cy": 365.3676452636719,
    "distortion": [
      0.0,
      0.0,
      0.0,
      0.0,
      0.0,
      0.0,
      0.0,
      0.0,
      0.0,
      0.0,
      0.0,
      0.0
    ],
    "h_fov": 101.5059585571289,
    "v_fov": 69.09700775146484,
    "d_fov": 109.09619903564453,
    "resolution": {
      "width": 1280,
      "height": 720
    }
  },
  "right_camera": {
    "fx": 522.8743286132812,
    "fy": 522.8743286132812,
    "cx": 653.4555053710938,
    "cy": 365.3676452636719,
    "distortion": [
      0.0,
      0.0,
      0.0,
      0.0,
      0.0,
      0.0,
      0.0,
      0.0,
      0.0,
      0.0,
      0.0,
      0.0
    ],
    "h_fov": 101.5059585571289,
    "v_fov": 69.09700775146484,
    "d_fov": 109.09619903564453,
    "resolution": {
      "width": 1280,
      "height": 720
    }
  },
  "extrinsics": {
    "translation": {
      "x": 0.11983247846364975,
      "y": 0.0,
      "z": 0.0
    },
    "rotation_matrix_3x3": [
      [
        [
          1.0,
          0.0,
          0.0
        ],
        [
          0.0,
          1.0,
          0.0
        ],
        [
          0.0,
          0.0,
          1.0
        ]
      ],
      [],
      []
    ]
  }
}